{"cameraMode":{"drawMode":0,"name":"Shaded","section":"Shading Mode"},"sceneLighting":true,"audioPlay":false,"sceneViewState":{"m_AlwaysRefresh":false,"showFog":true,"showSkybox":true,"showFlares":true,"showImageEffects":true,"showParticleSystems":true,"showVisualEffectGraphs":true,"m_FxEnabled":true},"in2DMode":false,"pivot":{"x":3.932912826538086,"y":1.005574345588684,"z":-1.657933235168457},"rotation":{"x":0.013730345293879509,"y":0.7478756308555603,"z":0.015476088039577008,"w":-0.6635167598724365},"size":1.3155909776687623,"orthographic":false}